gtfs,time
gtfs_for_etufor_2019-10.zip,2022-03-15T19:14:40.080801Z
gtfs_cur_urbs_2019-10.zip,2022-03-15T19:15:30.224236Z
gtfs_for_etufor_2019-10.zip,2022-03-15T22:17:48.810375Z
gtfs_poa_eptc_2019-06.zip,2022-03-15T22:20:07.142193Z
gtfs_for_etufor_2019-10.zip,2022-03-15T22:21:07.542853Z
gtfs_for_etufor_2019-10.zip,2022-03-15T22:23:45.086016Z
gtfs_for_etufor_2019-10.zip,2022-03-15T22:25:41.125747Z
gtfs_for_etufor_2019-10.zip,2022-03-15T22:27:43.351811Z
gtfs_for_etufor_2019-10.zip,2022-03-15T22:28:56.780362Z
gtfs_for_etufor_2019-10.zip,2022-03-15T22:29:40.439133Z
gtfs_for_etufor_2019-10.zip,2022-03-15T22:31:43.688379Z
gtfs_for_etufor_2019-10.zip,2022-03-15T22:33:02.229661Z
gtfs_for_etufor_2019-10.zip,2022-03-15T22:34:07.976364Z
gtfs_for_etufor_2019-10.zip,2022-03-15T22:35:01.829266Z
gtfs_for_etufor_2019-10.zip,2022-03-15T22:36:21.875193Z
gtfs_for_etufor_2019-10.zip,2022-03-15T22:37:23.369543Z
gtfs_for_etufor_2019-10.zip,2022-03-15T22:40:19.349814Z
gtfs_for_etufor_2019-10.zip,2022-03-15T22:40:49.615945Z
gtfs_for_etufor_2019-10.zip,2022-03-15T22:41:05.511275Z
gtfs_for_etufor_2019-10.zip,2022-03-15T22:42:18.693969Z
gtfs_for_etufor_2019-10.zip,2022-03-15T22:43:11.291133Z
gtfs_for_etufor_2019-10.zip,2022-03-15T22:44:21.674254Z
gtfs_for_etufor_2019-10.zip,2022-03-15T22:45:58.832021Z
gtfs_for_etufor_2019-10.zip,2022-03-15T23:03:22.220271Z
gtfs_for_etufor_2019-10.zip,2022-03-15T23:04:35.261510Z
gtfs_for_etufor_2019-10.zip,2022-03-15T23:39:59.275995Z
gtfs_for_etufor_2019-10.zip,2022-03-15T23:41:16.151016Z
gtfs_spo_bernardo_2020-11.zip,2022-03-15T23:42:35.567188Z
gtfs_for_etufor_2019-10.zip,2022-03-15T23:44:53.722898Z
gtfs_cur_urbs_2019-10.zip,2022-03-15T23:48:39.330066Z
gtfs_for_etufor_2019-10.zip,2022-03-15T23:53:48.747201Z
gtfs_for_etufor_2019-10.zip,2022-03-15T23:56:38.073029Z
gtfs_for_etufor_2019-10.zip,2022-03-16T00:00:13.084836Z
gtfs_rec_transpor_2019-09.zip,2022-03-16T00:04:50.855221Z
gtfs_for_etufor_2019-10.zip,2022-03-16T00:05:26.390463Z
gtfs_for_etufor_2019-10.zip,2022-03-16T00:05:49.102077Z
gtfs_for_etufor_2019-10.zip,2022-03-16T00:06:26.968449Z
gtfs_for_etufor_2019-10.zip,2022-03-16T00:07:32.109653Z
gtfs_for_etufor_2019-10.zip,2022-03-16T00:10:07.553400Z
gtfs_for_etufor_2019-10.zip,2022-03-16T00:11:43.830285Z
gtfs_for_etufor_2019-10.zip,2022-03-16T00:15:05.488984Z
gtfs_for_etufor_2019-10.zip,2022-03-16T00:15:52.331051Z
gtfs_for_etufor_2019-10.zip,2022-03-16T00:19:13.737193Z
gtfs_for_etufor_2019-10.zip,2022-03-16T00:19:53.543462Z
gtfs_for_etufor_2019-10.zip,2022-03-16T00:22:55.836043Z
gtfs_for_etufor_2019-10.zip,2022-03-16T00:24:26.910902Z
